animalName,climbID,sampleName,fastq_1,fastq_2,sequencingBatch,totalReads
SKYE,101,GT23-04777,101_GT23-04777_AGCCTCAT-TCTCTACT_S37_L002_R1_001.fastq.gz,101_GT23-04777_AGCCTCAT-TCTCTACT_S37_L002_R2_001.fastq.gz,23-carter-001,289424350
SKYE,101,GT23-04777,101_GT23-04777_AGCCTCAT-TCTCTACT_S37_L003_R1_001.fastq.gz,101_GT23-04777_AGCCTCAT-TCTCTACT_S37_L003_R2_001.fastq.gz,23-carter-001,176236952
JOHARI,123,GT23-04766,123_GT23-04766_ATATGGAT-TAATACAG_S46_L002_R1_001.fastq.gz,123_GT23-04766_ATATGGAT-TAATACAG_S46_L002_R2_001.fastq.gz,23-carter-001,266014483
JOHARI,123,GT23-04766,123_GT23-04766_ATATGGAT-TAATACAG_S46_L003_R1_001.fastq.gz,123_GT23-04766_ATATGGAT-TAATACAG_S46_L003_R2_001.fastq.gz,23-carter-001,162422666
MARBLE,222,GT23-04781,222_GT23-04781_AATCCGGA-AACTGTAG_S36_L002_R1_001.fastq.gz,222_GT23-04781_AATCCGGA-AACTGTAG_S36_L002_R2_001.fastq.gz,23-carter-001,213168283
MARBLE,222,GT23-04781,222_GT23-04781_AATCCGGA-AACTGTAG_S36_L003_R1_001.fastq.gz,222_GT23-04781_AATCCGGA-AACTGTAG_S36_L003_R2_001.fastq.gz,23-carter-001,129979971
LOUISIANA,24,GT23-04775,24_GT23-04775_GTTCCAAT-GCAGAATT_S44_L002_R1_001.fastq.gz,24_GT23-04775_GTTCCAAT-GCAGAATT_S44_L002_R2_001.fastq.gz,23-carter-001,241556727
LOUISIANA,24,GT23-04775,24_GT23-04775_GTTCCAAT-GCAGAATT_S44_L003_R1_001.fastq.gz,24_GT23-04775_GTTCCAAT-GCAGAATT_S44_L003_R2_001.fastq.gz,23-carter-001,148263900
YEONDU,31,GT23-04770,31_GT23-04770_ATGGCATG-GGTACCTT_S42_L002_R1_001.fastq.gz,31_GT23-04770_ATGGCATG-GGTACCTT_S42_L002_R2_001.fastq.gz,23-carter-001,278535988
YEONDU,31,GT23-04770,31_GT23-04770_ATGGCATG-GGTACCTT_S42_L003_R1_001.fastq.gz,31_GT23-04770_ATGGCATG-GGTACCTT_S42_L003_R2_001.fastq.gz,23-carter-001,169355056
NICK2,32,GT23-04771,32_GT23-04771_GCAATGCA-AACGTTCC_S43_L002_R1_001.fastq.gz,32_GT23-04771_GCAATGCA-AACGTTCC_S43_L002_R2_001.fastq.gz,23-carter-001,245249527
NICK2,32,GT23-04771,32_GT23-04771_GCAATGCA-AACGTTCC_S43_L003_R1_001.fastq.gz,32_GT23-04771_GCAATGCA-AACGTTCC_S43_L003_R2_001.fastq.gz,23-carter-001,150295206
EMERALD,37,GT23-04768,37_GT23-04768_AAGATACT-ATGTAAGT_S45_L002_R1_001.fastq.gz,37_GT23-04768_AAGATACT-ATGTAAGT_S45_L002_R2_001.fastq.gz,23-carter-001,248043683
EMERALD,37,GT23-04768,37_GT23-04768_AAGATACT-ATGTAAGT_S45_L003_R1_001.fastq.gz,37_GT23-04768_AAGATACT-ATGTAAGT_S45_L003_R2_001.fastq.gz,23-carter-001,152508915
CLYDE2,46,GT23-04769,46_GT23-04769_GGAGCGTC-GCACGGAC_S40_L002_R1_001.fastq.gz,46_GT23-04769_GGAGCGTC-GCACGGAC_S40_L002_R2_001.fastq.gz,23-carter-001,255218736
CLYDE2,46,GT23-04769,46_GT23-04769_GGAGCGTC-GCACGGAC_S40_L003_R1_001.fastq.gz,46_GT23-04769_GGAGCGTC-GCACGGAC_S40_L003_R2_001.fastq.gz,23-carter-001,156137421
TAYLOR,82,GT23-04767,82_GT23-04767_GCGCAAGC-CGGCGTGA_S38_L002_R1_001.fastq.gz,82_GT23-04767_GCGCAAGC-CGGCGTGA_S38_L002_R2_001.fastq.gz,23-carter-001,247704581
TAYLOR,82,GT23-04767,82_GT23-04767_GCGCAAGC-CGGCGTGA_S38_L003_R1_001.fastq.gz,82_GT23-04767_GCGCAAGC-CGGCGTGA_S38_L003_R2_001.fastq.gz,23-carter-001,151398279
MISSY,8,GT23-04776,8_GT23-04776_ACCTTGGC-ATGAGGCC_S41_L002_R1_001.fastq.gz,8_GT23-04776_ACCTTGGC-ATGAGGCC_S41_L002_R2_001.fastq.gz,23-carter-001,220344512
MISSY,8,GT23-04776,8_GT23-04776_ACCTTGGC-ATGAGGCC_S41_L003_R1_001.fastq.gz,8_GT23-04776_ACCTTGGC-ATGAGGCC_S41_L003_R2_001.fastq.gz,23-carter-001,134992636
ABE,9,GT23-04778,9_GT23-04778_GGCTTAAG-GGTCACGA_S39_L002_R1_001.fastq.gz,9_GT23-04778_GGCTTAAG-GGTCACGA_S39_L002_R2_001.fastq.gz,23-carter-001,250673680
ABE,9,GT23-04778,9_GT23-04778_GGCTTAAG-GGTCACGA_S39_L003_R1_001.fastq.gz,9_GT23-04778_GGCTTAAG-GGTCACGA_S39_L003_R2_001.fastq.gz,23-carter-001,150702242
